{"cameraMode":{"drawMode":0,"name":"Shaded","section":"Shading Mode"},"sceneLighting":true,"audioPlay":false,"sceneViewState":{"m_AlwaysRefresh":false,"showFog":true,"showSkybox":true,"showFlares":true,"showImageEffects":true,"showParticleSystems":true,"showVisualEffectGraphs":true,"m_FxEnabled":true},"in2DMode":false,"pivot":{"x":162.7550811767578,"y":164.30787658691407,"z":-196.69894409179688},"rotation":{"x":0.011652670800685883,"y":-0.07551597058773041,"z":-0.0009270361624658108,"w":-0.9971133470535278},"size":97.45169830322266,"orthographic":false}